studentId,class
1,8Q
2,9Y
3,5O
4,8Q
5,6N
6,8X
7,6M
8,7S
9,12Y
10,8E
11,8O
12,6F
13,6J
14,9S
15,4K
16,11Z
17,9E
18,12K
19,1W
20,10P
21,9Y
22,10T
23,12N
24,11V
25,2R
26,4L
27,2T
28,6K
29,1Y
30,12W
31,2K
32,10B
33,6J
34,7J
35,1W
36,3J
37,1U
38,2D
39,5E
40,6Z
41,3L
42,9P
43,10Z
44,2U
45,11C
46,3P
47,2S
48,6N
49,5U
50,2J
51,12I
52,6U
53,7I
54,5K
55,1G
56,1G
57,8A
58,5Z
59,9H
60,4W
61,2N
62,10D
63,10C
64,10X
65,5A
66,12Z
67,2D
68,5A
69,9M
70,5U
71,1I
72,7T
73,3W
74,12B
75,7B
76,3S
77,11L
78,1E
79,11X
80,7W
81,12P
82,5F
83,3M
84,12H
85,1M
86,11J
87,11T
88,11Z
89,5X
90,11L
91,7A
92,12R
93,11R
94,3R
95,6Y
96,12T
97,5V
98,3B
99,5T
100,9A
101,7C
102,8H
103,7F
104,10H
105,2P
106,6Q
107,7F
108,9F
109,12F
110,7M
111,7O
112,9O
113,8E
114,5V
115,7C
116,5O
117,1C
118,10Z
119,1S
120,4O
121,5Y
122,1V
123,2C
124,4M
125,6E
126,6E
127,2G
128,7D
129,6M
130,6H
131,12Z
132,10B
133,1V
134,4M
135,12S
136,10I
137,1A
138,3Z
139,5B
140,4F
141,11Z
142,12V
143,4H
144,6H
145,9Q
146,6O
147,4N
148,5V
149,1D
150,3L
151,5Z
152,2Q
153,9J
154,11H
155,12H
156,12I
157,4I
158,9X
159,8G
160,4W
161,11W
162,2X
163,2O
164,4Y
165,9L
166,7U
167,7C
168,11S
169,7B
170,10B
171,11K
172,10T
173,1N
174,8H
175,4H
176,6R
177,6Y
178,12I
179,1I
180,10T
181,6D
182,4P
183,8S
184,8Y
185,5H
186,4C
187,2R
188,8Q
189,1P
190,8Y
191,1S
192,7E
193,4A
194,2O
195,1O
196,1X
197,11Z
198,2C
199,7S
200,10U
201,5V
202,7A
203,7F
204,5A
205,6F
206,2Y
207,1E
208,2B
209,11N
210,2N
211,5M
212,12E
213,3H
214,10C
215,9S
216,2B
217,7N
218,7N
219,5U
220,7B
221,2J
222,5J
223,4C
224,5E
225,7X
226,1Z
227,10W
228,8T
229,6Y
230,8L
231,2M
232,1F
233,12H
234,2L
235,11I
236,8C
237,11K
238,4J
239,1E
240,9T
241,4I
242,3Q
243,5H
244,7M
245,9F
246,5P
247,7A
248,10Z
249,5F
250,3C
251,12V
252,10O
253,4T
254,12A
255,9R
256,10O
257,9C
258,1R
259,12I
260,2I
261,8G
262,7V
263,1W
264,7I
265,10S
266,4I
267,7W
268,4T
269,10W
270,1G
271,3J
272,6D
273,8E
274,11D
275,2K
276,6U
277,2Q
278,1P
279,3S
280,10N
281,9F
282,7D
283,9P
284,9X
285,4U
286,11U
287,3L
288,11P
289,12H
290,8X
291,4V
292,9O
293,12H
294,2E
295,6T
296,10Z
297,8C
298,2Q
299,9X
300,11J
301,5E
302,9A
303,5D
304,9U
305,1H
306,5W
307,6Y
308,11F
309,3C
310,11A
311,11T
312,1F
313,11S
314,4G
315,4M
316,11K
317,5P
318,3K
319,3C
320,6M
321,11X
322,10H
323,10O
324,11B
325,6M
326,2T
327,3Z
328,9C
329,8U
330,5Y
331,2C
332,4O
333,2P
334,4H
335,5F
336,7M
337,6G
338,3B
339,1V
340,8W
341,8V
342,2Q
343,12G
344,7D
345,10E
346,7I
347,9B
348,1P
349,1K
350,5M
351,7Y
352,10D
353,11W
354,3Q
355,11P
356,7V
357,9O
358,6Y
359,2Q
360,6D
361,9U
362,6C
363,2V
364,4D
365,9Q
366,8X
367,2E
368,11H
369,9T
370,6A
371,9A
372,2P
373,3T
374,10U
375,9K
376,1E
377,5Q
378,10N
379,7I
380,9I
381,5M
382,9W
383,2W
384,10F
385,8E
386,4G
387,1A
388,8L
389,9K
390,5O
391,12T
392,6E
393,12Q
394,9X
395,9F
396,8N
397,12A
398,3J
399,8C
400,10S
401,8O
402,1Q
403,11Q
404,10D
405,10O
406,12F
407,9L
408,3S
409,10D
410,1W
411,9R
412,10Q
413,7V
414,8A
415,1K
416,12J
417,6R
418,1N
419,2X
420,4V
421,2U
422,2A
423,10B
424,9C
425,4S
426,8J
427,1I
428,9E
429,2F
430,1Z
431,6C
432,11H
433,4D
434,4S
435,4E
436,9T
437,7N
438,5L
439,12G
440,6B
441,9A
442,6J
443,11P
444,8R
445,5R
446,12Z
447,3E
448,7R
449,8Y
450,3V
451,7S
452,4U
453,5P
454,10F
455,12D
456,11R
457,4O
458,4N
459,12A
460,8F
461,4T
462,6I
463,12E
464,4P
465,12P
466,8H
467,10I
468,11P
469,3I
470,10U
471,11P
472,7Q
473,5L
474,11A
475,6R
476,8W
477,3H
478,11R
479,9Y
480,5X
481,3P
482,1N
483,5E
484,10R
485,6T
486,4S
487,12B
488,5J
489,6S
490,10D
491,4S
492,4D
493,1P
494,9L
495,10B
496,5L
497,4V
498,9F
499,6T
500,7Z
501,8P
502,9F
503,12I
504,6K
505,1H
506,5Y
507,12B
508,7V
509,5M
510,6K
511,4Z
512,4Y
513,8V
514,9L
515,11P
516,6Q
517,5O
518,7Z
519,7P
520,7P
521,12H
522,11H
523,9L
524,2Q
525,6I
526,11P
527,6Y
528,5S
529,10T
530,7S
531,1J
532,1Q
533,5R
534,2V
535,9S
536,1D
537,5R
538,2U
539,6K
540,3O
541,2P
542,2G
543,5R
544,6F
545,3T
546,12Z
547,10I
548,7I
549,6A
550,9F
551,10F
552,10F
553,7Q
554,5U
555,2R
556,8U
557,4U
558,5A
559,8L
560,7H
561,3T
562,2C
563,10F
564,9B
565,11G
566,12I
567,2A
568,1B
569,2F
570,10E
571,4E
572,7Z
573,5X
574,11K
575,4H
576,4C
577,3P
578,8J
579,3X
580,2T
581,8S
582,4I
583,6Y
584,3B
585,8M
586,12B
587,3G
588,3Q
589,4M
590,11R
591,3T
592,3G
593,11G
594,8S
595,5N
596,2L
597,11T
598,1V
599,5R
600,11H
601,5V
602,5J
603,7E
604,10V
605,10A
606,1U
607,2I
608,3M
609,11L
610,4Q
611,12A
612,5I
613,3N
614,1X
615,3X
616,8P
617,12Z
618,7N
619,2M
620,6N
621,1D
622,10J
623,9X
624,1V
625,10R
626,1H
627,4C
628,3W
629,2P
630,8D
631,6Z
632,8H
633,7J
634,4D
635,11B
636,6A
637,9A
638,6F
639,1F
640,11V
641,12A
642,1G
643,11P
644,8U
645,5H
646,2B
647,3R
648,10S
649,1I
650,4I
651,12X
652,10P
653,6V
654,1S
655,6L
656,8W
657,6S
658,2W
659,8L
660,1N
661,1Q
662,4I
663,5C
664,12P
665,2Q
666,2S
667,6G
668,6U
669,8E
670,12R
671,4Z
672,1E
673,9Z
674,5Y
675,9D
676,11C
677,5A
678,10C
679,1W
680,7I
681,1D
682,4B
683,12V
684,9N
685,8D
686,8E
687,6T
688,6I
689,11K
690,1E
691,4T
692,4U
693,11R
694,4R
695,5R
696,6Q
697,4K
698,12Y
699,4D
700,5I
701,6I
702,3K
703,6Y
704,9H
705,3S
706,6C
707,1B
708,8J
709,2C
710,12J
711,7B
712,4F
713,8T
714,9L
715,8A
716,8F
717,8N
718,1J
719,1A
720,5N
721,4A
722,1U
723,2M
724,1Q
725,1P
726,9M
727,8Y
728,2T
729,5B
730,4B
731,5I
732,1U
733,12S
734,7Y
735,3O
736,10O
737,4K
738,11S
739,5I
740,5E
741,5K
742,4L
743,12F
744,2R
745,10M
746,10Z
747,9N
748,11M
749,6L
750,8H
751,9Z
752,12T
753,12C
754,6M
755,5B
756,2G
757,6G
758,4E
759,9N
760,6J
761,1K
762,1R
763,2W
764,4C
765,3G
766,8U
767,6V
768,3V
769,2Q
770,8S
771,11U
772,12J
773,11G
774,12N
775,2D
776,12P
777,9Y
778,11I
779,5X
780,5S
781,11Z
782,5F
783,3D
784,4Z
785,4H
786,12W
787,8J
788,2R
789,2E
790,2H
791,9X
792,5Z
793,1H
794,6H
795,6J
796,5G
797,8O
798,7S
799,12B
800,12B
801,2L
802,6W
803,5B
804,6Z
805,12X
806,6U
807,4F
808,11C
809,12E
810,6X
811,3N
812,4L
813,3A
814,3M
815,9T
816,12X
817,6N
818,3N
819,9J
820,6I
821,11V
822,2I
823,4F
824,1N
825,6A
826,4X
827,1K
828,12A
829,10X
830,2T
831,8Z
832,6D
833,11Q
834,6H
835,5Z
836,4E
837,4H
838,2Z
839,4G
840,4L
841,10O
842,7N
843,3A
844,12H
845,7S
846,9U
847,2D
848,10C
849,4U
850,5P
851,9S
852,4K
853,8P
854,4X
855,7M
856,5C
857,6Y
858,10K
859,12C
860,3S
861,1T
862,6W
863,6L
864,2E
865,12D
866,2J
867,1G
868,10E
869,12M
870,11G
871,3O
872,8F
873,2A
874,10M
875,12R
876,11W
877,1K
878,8V
879,1B
880,2S
881,4O
882,5G
883,5V
884,3D
885,8U
886,8W
887,10I
888,2C
889,10P
890,9P
891,4E
892,12I
893,4Q
894,8E
895,4X
896,6S
897,1K
898,2Z
899,2E
900,12O
901,12E
902,11F
903,3W
904,6S
905,9A
906,4S
907,7M
908,12V
909,10M
910,5W
911,4F
912,7N
913,5K
914,4I
915,7G
916,11N
917,11U
918,2N
919,8A
920,1H
921,8Z
922,2P
923,10R
924,10K
925,6B
926,10W
927,8Y
928,8G
929,5Y
930,1T
931,3P
932,8W
933,11K
934,10V
935,12T
936,12C
937,9M
938,4I
939,8M
940,6S
941,6L
942,8Y
943,7I
944,7C
945,10V
946,2F
947,2V
948,1D
949,1Q
950,4O
951,1V
952,11K
953,2H
954,11D
955,3D
956,9H
957,1V
958,10J
959,3R
960,2P
961,10C
962,11W
963,10U
964,4K
965,12S
966,6Q
967,11O
968,11X
969,9H
970,3I
971,1C
972,10N
973,11W
974,6Z
975,1I
976,4T
977,7S
978,1Q
979,9D
980,10R
981,10W
982,7B
983,10R
984,9N
985,5U
986,10E
987,12L
988,8W
989,5J
990,8K
991,12D
992,11T
993,1K
994,7F
995,12B
996,9O
997,3Z
998,6Q
999,6C
1000,5T
1001,9B
1002,5H
1003,3Y
1004,11M
1005,9H
1006,9K
1007,9Y
1008,7D
1009,9J
1010,10T
1011,2F
1012,8C
1013,11Y
1014,7B
1015,7U
1016,5I
1017,8Y
1018,11P
1019,10Z
1020,1T
1021,7T
1022,2U
1023,9N
1024,10X
1025,12D
1026,4L
1027,5J
1028,2R
1029,4I
1030,6M
1031,9Q
1032,11S
1033,5J
1034,8S
1035,3Y
1036,8Z
1037,8P
1038,9R
1039,9O
1040,6P
1041,4E
1042,11A
1043,9O
1044,3C
1045,12V
1046,2M
1047,3M
1048,4N
1049,12S
1050,11G
1051,7W
1052,12H
1053,6K
1054,8R
1055,2P
1056,6V
1057,5X
1058,4V
1059,4G
1060,12Z
1061,7C
1062,4W
1063,9N
1064,7L
1065,5M
1066,11V
1067,7T
1068,11A
1069,9K
1070,3J
1071,9Y
1072,2V
1073,4L
1074,8O
1075,12K
1076,9L
1077,11N
1078,10E
1079,7Y
1080,2V
1081,5W
1082,5A
1083,8B
1084,3W
1085,9P
1086,5K
1087,1B
1088,4O
1089,11X
1090,10F
1091,9S
1092,6Q
1093,10S
1094,6N
1095,1U
1096,10D
1097,2P
1098,10U
1099,6Q
1100,1P
1101,8O
1102,12A
1103,9E
1104,10N
1105,8F
1106,1U
1107,3T
1108,2G
1109,7J
1110,5P
1111,1R
1112,1I
1113,6I
1114,8Y
1115,5D
1116,4F
1117,8A
1118,12K
1119,6V
1120,3M
1121,7E
1122,7J
1123,8J
1124,5H
1125,1N
1126,5J
1127,1I
1128,11D
1129,6T
1130,8J
1131,7L
1132,7S
1133,10E
1134,4T
1135,10V
1136,9G
1137,9D
1138,10S
1139,8K
1140,4Q
1141,10B
1142,11O
1143,2E
1144,6R
1145,1E
1146,5K
1147,8F
1148,7D
1149,2B
1150,7H
1151,8L
1152,3I
1153,10T
1154,11A
1155,3J
1156,4Y
1157,10H
1158,12A
1159,10G
1160,2U
1161,2L
1162,9H
1163,6W
1164,7I
1165,6M
1166,6V
1167,7F
1168,6O
1169,2V
1170,8U
1171,8B
1172,9K
1173,4X
1174,8B
1175,8P
1176,1N
1177,2X
1178,12W
1179,11H
1180,11G
1181,12L
1182,4C
1183,2I
1184,8S
1185,6Y
1186,5K
1187,5Y
1188,11Y
1189,9H
1190,12J
1191,2M
1192,1Y
1193,11F
1194,8G
1195,12W
1196,12A
1197,8U
1198,2V
1199,3H
1200,3F
1201,2Z
1202,4S
1203,5J
1204,7W
1205,2T
1206,6E
1207,5G
1208,5Z
1209,6L
1210,6I
1211,1C
1212,4H
1213,3R
1214,10H
1215,8I
1216,7M
1217,10P
1218,1E
1219,12U
1220,12U
1221,9A
1222,1E
1223,7X
1224,10B
1225,10C
1226,3C
1227,1J
1228,3T
1229,5I
1230,9H
1231,5F
1232,12V
1233,4R
1234,3Q
1235,6E
1236,7D
1237,11M
1238,8H
1239,3L
1240,2D
1241,11S
1242,7K
1243,5Y
1244,7Q
1245,12M
1246,6Q
1247,11U
1248,10R
1249,10M
1250,1X
1251,10I
1252,10X
1253,1J
1254,3T
1255,10S
1256,10A
1257,7G
1258,1J
1259,4N
1260,9M
1261,5Z
1262,6Z
1263,8Q
1264,11Q
1265,9O
1266,10Z
1267,1C
1268,3J
1269,2J
1270,9D
1271,6X
1272,2D
1273,1A
1274,4G
1275,6Y
1276,10D
1277,5Y
1278,9E
1279,10V
1280,4L
1281,6P
1282,1F
1283,4W
1284,9P
1285,4P
1286,8D
1287,6S
1288,9P
1289,3J
1290,5B
1291,9Y
1292,11F
1293,4Z
1294,6V
1295,4J
1296,7R
1297,3F
1298,10V
1299,4V
1300,12U
1301,5O
1302,12N
1303,12T
1304,5K
1305,10M
1306,9Z
1307,3S
1308,5S
1309,7G
1310,4O
1311,1R
1312,10B
1313,1U
1314,5G
1315,3H
1316,5L
1317,3N
1318,3R
1319,1B
1320,6N
1321,11U
1322,11C
1323,3L
1324,5M
1325,12W
1326,7R
1327,10D
1328,11Z
1329,9C
1330,2B
1331,2U
1332,2J
1333,6K
1334,5O
1335,10G
1336,4K
1337,12N
1338,12M
1339,3U
1340,4J
1341,12K
1342,4T
1343,4X
1344,1X
1345,11U
1346,10V
1347,1O
1348,8Q
1349,9T
1350,7O
1351,5X
1352,5H
1353,3N
1354,5J
1355,3V
1356,10X
1357,7M
1358,1E
1359,10B
1360,9T
1361,11R
1362,7C
1363,6B
1364,9E
1365,9M
1366,12L
1367,1V
1368,4B
1369,6B
1370,10P
1371,12H
1372,9N
1373,10P
1374,3M
1375,1U
1376,9L
1377,3G
1378,2T
1379,11V
1380,5J
1381,8I
1382,9T
1383,6S
1384,7O
1385,8B
1386,11T
1387,12U
1388,6O
1389,5P
1390,3C
1391,12L
1392,12X
1393,6X
1394,4E
1395,3U
1396,6E
1397,11S
1398,6J
1399,2U
1400,10K
1401,11V
1402,2G
1403,2V
1404,7U
1405,9Z
1406,10X
1407,8X
1408,5C
1409,12D
1410,7W
1411,10B
1412,2U
1413,2B
1414,11A
1415,9S
1416,2H
1417,11G
1418,4S
1419,7B
1420,10K
1421,2F
1422,7T
1423,3B
1424,1R
1425,7V
1426,1Q
1427,4N
1428,12T
1429,1C
1430,4W
1431,7H
1432,11C
1433,3J
1434,4V
1435,2P
1436,5O
1437,3Q
1438,3G
1439,2X
1440,10D
1441,9Y
1442,6C
1443,5G
1444,7T
1445,12A
1446,8Y
1447,1I
1448,3Y
1449,3O
1450,8X
1451,11O
1452,11C
1453,10F
1454,3D
1455,10U
1456,6Q
1457,3T
1458,12A
1459,11Z
1460,4B
1461,4N
1462,12D
1463,6A
1464,9Y
1465,4P
1466,10A
1467,3D
1468,12R
1469,6L
1470,8P
1471,5L
1472,1M
1473,6O
1474,5Y
1475,1F
1476,12M
1477,2U
1478,4F
1479,5D
1480,2O
1481,7N
1482,11G
1483,7X
1484,10F
1485,3B
1486,6A
1487,1V
1488,2M
1489,12U
1490,10Q
1491,12G
1492,4K
1493,10C
1494,12V
1495,10Y
1496,8A
1497,3I
1498,2X
1499,9N
1500,2R
1501,4Z
1502,12A
1503,8W
1504,9K
1505,12R
1506,6I
1507,5N
1508,4B
1509,7Q
1510,6F
1511,12I
1512,12U
1513,5L
1514,2K
1515,3T
1516,1K
1517,12Q
1518,2N
1519,1H
1520,1B
1521,9I
1522,8F
1523,6L
1524,4J
1525,5L
1526,8A
1527,9O
1528,4R
1529,11Q
1530,6N
1531,12P
1532,9O
1533,5B
1534,4D
1535,7U
1536,9E
1537,11H
1538,8E
1539,7O
1540,2Q
1541,4B
1542,10V
1543,8G
1544,4F
1545,5E
1546,1A
1547,6Q
1548,3J
1549,12Q
1550,1W
1551,8Y
1552,3F
1553,7L
1554,9T
1555,6Q
1556,1Z
1557,4I
1558,1A
1559,6Y
1560,2H
1561,12W
1562,10B
1563,11P
1564,6P
1565,7H
1566,9O
1567,7L
1568,1U
1569,12E
1570,10B
1571,9Y
1572,5V
1573,5E
1574,1K
1575,2N
1576,4Z
1577,7M
1578,1Y
1579,9U
1580,9I
1581,10H
1582,7E
1583,8K
1584,1U
1585,6A
1586,3Y
1587,11C
1588,10T
1589,1R
1590,10Y
1591,5E
1592,9O
1593,5P
1594,12E
1595,7P
1596,4T
1597,7H
1598,4B
1599,4Q
1600,6D
1601,11A
1602,6T
1603,7X
1604,3Y
1605,1A
1606,3L
1607,6A
1608,1F
1609,8Z
1610,7G
1611,1V
1612,11H
1613,3Y
1614,1K
1615,12K
1616,1F
1617,8B
1618,1Q
1619,12P
1620,8N
1621,4C
1622,6R
1623,6W
1624,10S
1625,4A
1626,11T
1627,5M
1628,2Q
1629,2R
1630,3U
1631,7W
1632,9J
1633,1Z
1634,7T
1635,5S
1636,7E
1637,4S
1638,9L
1639,10A
1640,6P
1641,11Q
1642,10I
1643,12K
1644,8Q
1645,10V
1646,4F
1647,11K
1648,4K
1649,3A
1650,2S
1651,12R
1652,6Z
1653,8O
1654,12Z
1655,3A
1656,6Q
1657,5D
1658,6R
1659,3N
1660,9C
1661,8N
1662,7I
1663,8E
1664,8P
1665,3O
1666,12X
1667,8Z
1668,3H
1669,5X
1670,11P
1671,6Z
1672,11U
1673,2W
1674,7G
1675,11L
1676,12U
1677,12A
1678,3G
1679,6D
1680,5A
1681,8D
1682,11U
1683,5U
1684,9L
1685,11Y
1686,9B
1687,11N
1688,1Q
1689,6Y
1690,7Z
1691,11L
1692,2H
1693,8Q
1694,1C
1695,2Z
1696,2I
1697,5S
1698,1L
1699,10Y
1700,5R
1701,4Z
1702,2M
1703,6P
1704,11T
1705,2D
1706,2C
1707,12R
1708,9O
1709,6N
1710,4B
1711,9I
1712,7F
1713,6Z
1714,11G
1715,8X
1716,6W
1717,3L
1718,6Z
1719,1C
1720,7A
1721,2O
1722,2O
1723,7C
1724,11T
1725,8R
1726,7E
1727,6R
1728,4W
1729,5Y
1730,11L
1731,9P
1732,3G
1733,12O
1734,3T
1735,11U
1736,6M
1737,9S
1738,4O
1739,1T
1740,2S
1741,2T
1742,3K
1743,8H
1744,7M
1745,3W
1746,9C
1747,7C
1748,12H
1749,4C
1750,1O
1751,2V
1752,4U
1753,5L
1754,3P
1755,11F
1756,12Z
1757,1J
1758,11B
1759,12C
1760,5U
1761,4F
1762,1N
1763,12D
1764,8R
1765,2F
1766,8L
1767,8V
1768,6X
1769,11I
1770,10J
1771,4S
1772,3F
1773,1D
1774,3X
1775,12Q
1776,5E
1777,7V
1778,12K
1779,9Z
1780,8R
1781,7J
1782,11E
1783,1Q
1784,8S
1785,2M
1786,2S
1787,3X
1788,2A
1789,12G
1790,12H
1791,10J
1792,10H
1793,5L
1794,7P
1795,7Z
1796,2F
1797,2T
1798,10M
1799,4B
1800,11I
1801,5E
1802,1M
1803,8D
1804,10Q
1805,10Y
1806,1U
1807,4X
1808,10M
1809,1L
1810,11O
1811,4N
1812,2K
1813,1S
1814,6Y
1815,11Q
1816,1Z
1817,2R
1818,3F
1819,9V
1820,11N
1821,1Z
1822,10U
1823,1U
1824,12Z
1825,4M
1826,6L
1827,7A
1828,11X
1829,8A
1830,12D
1831,1Q
1832,5A
1833,2Y
1834,11L
1835,9S
1836,4D
1837,5Q
1838,4J
1839,5J
1840,6G
1841,4H
1842,6V
1843,2O
1844,9U
1845,6D
1846,11O
1847,3X
1848,2W
1849,3E
1850,9J
1851,8Q
1852,8L
1853,3D
1854,9P
1855,8S
1856,2S
1857,4M
1858,7Q
1859,11X
1860,4X
1861,7B
1862,5Q
1863,5V
1864,11T
1865,4R
1866,2Z
1867,4J
1868,10T
1869,11B
1870,8Z
1871,9O
1872,3B
1873,2K
1874,11S
1875,11H
1876,1S
1877,6Q
1878,5U
1879,9L
1880,8W
1881,9O
1882,7K
1883,6B
1884,9H
1885,2M
1886,9P
1887,12C
1888,3A
1889,9L
1890,1G
1891,6L
1892,2Z
1893,12O
1894,6T
1895,5F
1896,3K
1897,4B
1898,11N
1899,12C
1900,5P
1901,6A
1902,1E
1903,7S
1904,11M
1905,6B
1906,7N
1907,6M
1908,10X
1909,6V
1910,6L
1911,10Z
1912,3H
1913,3P
1914,5E
1915,1J
1916,10Z
1917,12O
1918,11S
1919,7K
1920,12G
1921,10N
1922,8A
1923,6E
1924,1H
1925,8M
1926,9F
1927,12B
1928,8A
1929,6J
1930,11T
1931,3F
1932,1J
1933,3L
1934,12R
1935,6A
1936,10V
1937,12E
1938,3Z
1939,9D
1940,8Y
1941,6T
1942,3N
1943,6R
1944,9L
1945,5F
1946,5D
1947,6H
1948,6T
1949,8C
1950,2U
1951,3K
1952,4D
1953,8S
1954,4P
1955,5S
1956,8A
1957,11P
1958,9G
1959,7I
1960,4M
1961,10Q
1962,8E
1963,1N
1964,1M
1965,4Z
1966,12T
1967,1T
1968,3U
1969,3S
1970,8Y
1971,5Y
1972,4T
1973,12M
1974,2W
1975,9H
1976,12Y
1977,11Q
1978,11Z
1979,10N
1980,10P
1981,8Y
1982,12S
1983,4Q
1984,9O
1985,3B
1986,5T
1987,9K
1988,10C
1989,7U
1990,4N
1991,12F
1992,2T
1993,12M
1994,1I
1995,1I
1996,10O
1997,2M
1998,4R
1999,9V
2000,3Z